{"0.001": 99.995, "0.0011836734693877551": 99.997, "0.0013673469387755102": 100.0, "0.0015510204081632655": 100.0, "0.0017346938775510204": 100.0, "0.0019183673469387757": 100.0, "0.002102040816326531": 100.0, "0.002285714285714286": 100.0, "0.0024693877551020408": 100.0, "0.002653061224489796": 100.0, "0.0028367346938775514": 100.0, "0.0030204081632653063": 100.0, "0.0032040816326530616": 100.0, "0.0033877551020408164": 100.0, "0.0035714285714285718": 100.0, "0.0037551020408163266": 100.0, "0.003938775510204082": 100.0, "0.004122448979591837": 100.0, "0.004306122448979592": 100.0, "0.004489795918367347": 100.0, "0.004673469387755102": 100.0, "0.004857142857142858": 100.0, "0.0050408163265306125": 100.0, "0.005224489795918367": 100.0, "0.005408163265306123": 100.0, "0.005591836734693878": 100.0, "0.005775510204081633": 100.0, "0.005959183673469389": 100.0, "0.0061428571428571435": 100.0, "0.006326530612244898": 100.0, "0.006510204081632653": 100.0, "0.006693877551020409": 100.0, "0.006877551020408164": 100.0, "0.007061224489795919": 100.0, "0.0072448979591836745": 100.0, "0.007428571428571429": 100.0, "0.007612244897959184": 100.0, "0.007795918367346939": 100.0, "0.007979591836734695": 100.0, "0.00816326530612245": 100.0, "0.008346938775510205": 100.0, "0.00853061224489796": 100.0, "0.008714285714285716": 100.0, "0.00889795918367347": 100.0, "0.009081632653061226": 100.0, "0.009265306122448979": 100.0, "0.009448979591836736": 100.0, "0.009632653061224492": 100.0, "0.009816326530612245": 100.0, "0.01": 100.0}