{
    "0.0001": 3.6189999999999998,
    "0.00013877551020408165": 50.291000000000004,
    "0.00017755102040816327": 72.33,
    "0.00021632653061224493": 83.801,
    "0.00025510204081632655": 89.87299999999999,
    "0.0002938775510204082": 93.60600000000002,
    "0.0003326530612244898": 95.853,
    "0.00037142857142857143": 97.24000000000001,
    "0.00041020408163265306": 98.21900000000001,
    "0.0004489795918367347": 98.79100000000001,
    "0.0004877551020408163": 99.20500000000001,
    "0.000526530612244898": 99.454,
    "0.0005653061224489797": 99.67300000000002,
    "0.0006040816326530613": 99.75900000000001,
    "0.0006428571428571429": 99.834,
    "0.0006816326530612245": 99.87199999999999,
    "0.0007204081632653062": 99.933,
    "0.0007591836734693879": 99.956,
    "0.0007979591836734694": 99.96900000000001,
    "0.0008367346938775511": 99.973,
    "0.0008755102040816327": 99.988,
    "0.0009142857142857144": 99.984,
    "0.000953061224489796": 99.992,
    "0.0009918367346938776": 99.998,
    "0.0010306122448979593": 99.989,
    "0.0010693877551020408": 99.997,
    "0.0011081632653061225": 100.0,
    "0.0011469387755102041": 99.999,
    "0.0011857142857142858": 100.0,
    "0.0012244897959183675": 99.998,
    "0.001263265306122449": 99.999,
    "0.0013020408163265306": 100.0,
    "0.0013408163265306123": 100.0,
    "0.001379591836734694": 100.0,
    "0.0014183673469387757": 100.0,
    "0.0014571428571428572": 100.0,
    "0.0014959183673469388": 100.0,
    "0.0015346938775510205": 99.999,
    "0.0015734693877551022": 100.0,
    "0.0016122448979591837": 100.0,
    "0.0016510204081632653": 100.0,
    "0.001689795918367347": 100.0,
    "0.0017285714285714287": 100.0,
    "0.0017673469387755104": 100.0,
    "0.0018061224489795919": 100.0,
    "0.0018448979591836735": 100.0,
    "0.0018836734693877552": 100.0,
    "0.001922448979591837": 100.0,
    "0.0019612244897959184": 100.0,
    "0.002": 100.0
}